pg_2575	tree5974
pg_1820	tree3676
pg_2169	tree4574
pg_2925	tree6756
pg_2599	tree6021
pg_2538	tree5464
ot_103	tree1,tree2,tree4
pg_20	tree2162
pg_2096	tree4340
pg_2685	tree6235
pg_2648	tree6171
pg_1770	tree3569
pg_2913	tree6741,tree6742
pg_2891	tree6699
pg_2168	tree4573
pg_2398	tree5040
pg_1821	tree3677,tree3678
pg_2702	tree6272,tree6273,tree6274
ot_134	tree1
pg_2161	tree4556
pg_1983	tree4054,tree4055,tree4056,tree4057,tree4058
pg_1928	tree3913,tree3914
pg_2160	tree4555
pg_2324	tree4900,tree4902
pg_1369	tree2731
ot_21	Tr55882,Tr55881
ot_198	tree1
pg_12	tree10
pg_1655	tree3339
pg_2046	tree5928
pg_310	tree259,tree260,tree261
pg_2539	tree6294
pg_1086	tree6282
pg_384	tree456
pg_2691	tree6244
pg_1907	tree3888
ot_199	tree1
pg_2144	tree4506
pg_2094	tree4337,tree4338
pg_137	tree1251,tree1252
pg_1429	tree2862,tree2865,tree2866
pg_304	tree228,tree229
pg_1974	tree4038,tree4039
pg_1634	tree3303
pg_906	tree1771
pg_1956	tree3990
pg_1800	tree3640
pg_2060	tree4243
pg_2404	tree5068
pg_2839	tree6600
pg_1951	tree3974
pg_2654	tree6179
pg_412	tree2166
ot_195	tree1
pg_1656	tree3346
pg_2924	tree6755
pg_2087	tree4319,tree4320,tree4321,tree4322,tree4323,tree4324
pg_422	tree527,tree528,tree529,tree530,tree531
pg_1888	tree3838,tree3839,tree3840
ot_190	tree3
pg_2598	tree6020
pg_423	tree2857
ot_196	tree1
pg_710	tree1277,tree1278
pg_2911	tree6739
pg_2000	tree4097
pg_2460	tree5285
pg_2655	tree6181,tree6182
pg_2548	tree5503
pg_2696	tree6249
pg_1946	tree3964
pg_1801	tree3641,tree3642
pg_1368	tree2726,tree2727,tree2728,tree2729,tree2730
pg_1957	tree3991,tree3992,tree3993,tree3994,tree3995,tree3996,tree3997,tree3998
pg_177	tree452
pg_1939	tree3941
pg_1910	tree3892
pg_1564	tree3130,tree3131,tree3132,tree3133,tree3134
pg_2417	tree5098,tree5100,tree5101,tree5102
pg_1781	tree3590,tree3591,tree3592
pg_1879	tree3796,tree3797,tree3798
pg_2329	tree4907,tree4908
pg_1948	tree3968,tree3969,tree3970,tree6513
pg_2325	tree4903
pg_628	tree5358
ot_78	tree1
pg_759	tree1408
pg_1139	tree2305
pg_2669	tree6213
pg_2900	tree6718
pg_2143	tree4496,tree4497,tree4498,tree4499,tree4500,tree4501,tree4502,tree4503,tree4504,tree4505
pg_1804	tree3649,tree3650,tree3651,tree3652,tree3653
pg_2923	tree6751
pg_2754	tree6362,tree6363,tree6364
pg_293	tree200
pg_25	tree15,tree16
pg_2707	tree6281
pg_2805	tree6512
ot_71	tree1
pg_2355	tree4955
pg_2808	tree6522
pg_2737	tree6322
pg_386	tree459
pg_1977	tree4044
pg_2033	tree5923
pg_1791	tree3624
pg_273	tree165
pg_2822	tree6569
pg_1938	tree3937,tree3938,tree3939,tree3940
ot_110	tree1
pg_1856	tree3751
pg_1889	tree3843,tree3844,tree3845,tree3846,tree3847
pg_2396	tree6383
pg_15	tree4
pg_2352	tree4951
pg_2678	tree6224
pg_261	tree145,tree6331
pg_1982	tree4053
pg_2735	tree6321
pg_1258	tree2533,tree2534
pg_2842	tree6603
ot_75	tree1
pg_2804	tree6510,tree6511
pg_274	tree166
pg_711	tree1279
ot_76	tree1
pg_2591	tree6008,tree6024
pg_13	tree11
pg_232	tree49,tree62
pg_2117	tree4387
pg_2755	tree6365
pg_1969	tree4022
pg_2032	tree5922
pg_2098	tree4343,tree4344
pg_14	tree12
pg_2902	tree6722,tree6723
pg_2679	tree6225,tree6226
pg_1976	tree4042,tree4043
pg_1366	tree6166
pg_2542	tree5471,tree5472,tree5588,tree5589,tree5590
pg_2653	tree6178
pg_2807	tree6519
pg_2719	tree6316
pg_2718	tree6315
pg_2731	tree6428
pg_1807	tree3657,tree3658,tree3659
pg_1834	tree3710,tree3711,tree3712,tree3713
pg_2243	tree4749,tree4751,tree4752,tree4754,tree4755,tree4756,tree6515
pg_1981	tree4052
pg_2806	tree6529,tree6530
pg_09	tree1,tree2
pg_2740	tree6336
pg_1428	tree2855,tree2856
pg_787	tree1484,tree1489
ot_74	tree1
pg_1882	tree3806,tree3807,tree3808,tree3809,tree3810,tree3811,tree3812,tree3813,tree3814,tree3815,tree3816,tree3817
pg_2026	tree4171,tree4172,tree4174,tree5919
pg_2170	tree4575
pg_2158	tree4551
pg_1797	tree3635
pg_2397	tree5038
pg_2906	tree6730
pg_1860	tree3757
pg_1980	tree4049,tree4050,tree4051
pg_1261	tree2537
pg_1973	tree4031
pg_2738	tree6323,tree6324
pg_1967	tree4020
pg_2820	tree6565
pg_1933	tree3926
pg_2745	tree6344,tree6345
pg_72	tree801
pg_1936	tree3935
pg_1102	tree2174,tree2176
pg_1873	tree3782,tree3783
pg_1966	tree4019
pg_2419	tree5107,tree6023
pg_2720	tree6311
pg_1970	tree4023,tree4024,tree4025
pg_2717	tree6314
pg_1787	tree3605,tree3606,tree3607
pg_1771	tree3570,tree3571,tree3572,tree3573,tree3574
pg_2551	tree5541,tree6180
pg_2894	tree6703
pg_437	tree6242
pg_2110	tree4369,tree4370
pg_1773	tree3576
pg_2884	tree6688
pg_2796	tree6491
pg_2149	tree4533
pg_2332	tree4912
pg_314	tree3761
pg_2589	tree6001
pg_2151	tree4542,tree4543,tree4544
pg_1794	tree3631
pg_2576	tree5975
pg_2107	tree4362
pg_1830	tree3698,tree3699
pg_2099	tree4346
pg_1950	tree3973
pg_2859	tree6643
pg_2484	tree5346,tree6607
pg_1872	tree3780
pg_1013	tree1956
ot_141	tree1
pg_792	tree1492
pg_2747	tree6349,tree6350
pg_2101	tree4348,tree4349
pg_1851	tree3736,tree3737,tree3738,tree3739,tree3740
pg_241	tree114
pg_2746	tree6348
pg_2580	tree5985
pg_1339	tree2667,tree2668
pg_1221	tree2461,tree5732
pg_2100	tree4347
pg_2614	tree6121,tree6122
pg_1103	tree2178
pg_2651	tree6177
pg_255	tree138
pg_1990	tree4075
pg_2664	tree6201,tree6202
ot_62	tree4
pg_16	tree5
pg_2093	tree4336
pg_2823	tree6570
pg_1972	tree4030
pg_2716	tree6312,tree6313
pg_2821	tree6568
pg_316	tree268,tree269
pg_264	tree150
pg_263	tree149
pg_1832	tree3702,tree3703,tree3704,tree3705
pg_1012	tree1955
pg_2715	tree6307,tree6308
pg_2748	tree6351
pg_2916	tree6744
pg_1342	tree2672,tree2673
pg_1806	tree3655,tree3656
pg_2721	tree6305
ot_188	Tr44941,Tr44936,Tr44933,Tr44934,Tr44940,Tr44937,Tr44935
pg_1348	tree2685,tree2686
pg_2247	tree4761
pg_2756	tree6366,tree6367,tree6368
ot_189	tree1
pg_420	tree522
pg_2359	tree4962
pg_2907	tree6733
pg_435	tree5995
pg_2862	tree6649
pg_286	tree187,tree189
pg_2926	tree6757,tree6758,tree6759
pg_1345	tree2676
pg_2893	tree6702
pg_2376	tree4993,tree4994
pg_2138	tree4479,tree4480
pg_2713	tree6309,tree6310
pg_1253	tree2526
pg_2695	tree6250,tree6251,tree6252,tree6253
pg_17	tree6
pg_2616	tree6126,tree6485
pg_1763	tree3552,tree3553,tree3554,tree3555
pg_2358	tree4960,tree4961
pg_1252	tree2661
pg_2892	tree6700
pg_2885	tree6690
pg_1764	tree6299
pg_2361	tree4965
pg_24	tree13
pg_2241	tree4733,tree4734,tree4735,tree4736,tree4737,tree4738,tree4739,tree4740,tree4741,tree4742,tree4743,tree4744,tree4745,tree4746
pg_1865	tree3764
pg_2917	tree6745
pg_266	tree154
pg_2001	tree4100
pg_1344	tree2675
pg_1375	tree2746
pg_1998	tree4091,tree4092,tree4093,tree4094,tree4095,tree4096
pg_2360	tree4963,tree4964
pg_2742	tree6341,tree6342
pg_1827	tree3687
pg_2895	tree6706,tree6707
pg_2246	tree4760
pg_1866	tree3765
pg_2787	tree6704
pg_279	tree175
pg_1859	tree3755,tree3756
pg_2743	tree6346,tree6347
pg_2615	tree6124
pg_1116	tree2217
pg_649	tree1145,tree1146
pg_2863	tree6650
pg_1817	tree3672
pg_2712	tree6296
pg_1828	tree3688,tree3689,tree3690,tree3691,tree3692,tree3693
pg_1347	tree2679,tree2680,tree2681,tree2682,tree2683,tree2684
pg_2102	tree4350
pg_19	tree19
pg_2002	tree4115
pg_1903	tree3880
pg_2331	tree4911
pg_2680	tree6259
pg_1864	tree3763
pg_2711	tree6295
pg_2371	tree4985
pg_1875	tree3788,tree3789
pg_1816	tree3671
ot_116	tree1,tree2,tree3,tree4,tree5
pg_2506	tree5394,tree5396,tree5398
pg_2765	tree6399
pg_2330	tree4909,tree6378
pg_2400	tree6010
pg_2174	tree4592
pg_1926	tree3956
pg_1852	tree3741
pg_1774	tree3578,tree3579
pg_311	tree262
pg_2912	tree6740
pg_1120	tree2231
pg_1017	tree1960
ot_115	tree1
ot_135	tree1
pg_2877	tree6671
pg_2766	tree6400
pg_2173	tree4590,tree4591
ot_99	tree1
pg_2825	tree6572
pg_2334	tree4921
pg_1014	tree1957
pg_1891	tree3851,tree3852,tree3853
pg_1958	tree4001,tree4002,tree4004
ot_114	tree1
pg_2547	tree5494,tree5495,tree5496,tree5497,tree5498,tree6483
pg_239	tree111,tree112
pg_1995	tree4087,tree4088
pg_2017	tree4156
pg_1799	tree3637,tree3638,tree3639
pg_281	tree182
pg_1447	tree2922,tree2923
pg_2418	tree5103,tree5104,tree5105,tree6152
pg_2674	tree6220
pg_2764	tree6396,tree6397,tree6398
pg_1776	tree3581,tree3582,tree3583
pg_1005	tree1947
pg_2710	tree6291
pg_1653	tree6541
pg_2349	tree4947
pg_1949	tree3971,tree3972
pg_1914	tree3898,tree3899
pg_2022	tree4161,tree4162,tree4163
pg_2015	tree4152
pg_312	tree263,tree264
pg_1788	tree3609,tree3610
pg_2586	tree5996,tree5997
pg_1845	tree3726
pg_1341	tree2670,tree2671
ot_52	tree1,tree2
pg_1917	tree3904
pg_1853	tree3742
pg_1346	tree2678
pg_2751	tree6356
pg_2841	tree6597
pg_28	tree17
pg_2709	tree6290
pg_1971	tree4026,tree4027,tree4028
pg_2919	tree6749
pg_1242	tree2507,tree2508
pg_1374	tree2743,tree2744,tree2745
pg_2450	tree5227
pg_1953	tree3977
pg_2760	tree6375
pg_1812	tree3667
pg_1870	tree3769
pg_421	tree523
pg_1965	tree4018,tree5801
pg_1009	tree1952
pg_1802	tree3643,tree3644,tree3645,tree3646,tree3647,tree3648
pg_1101	tree2172
ot_122	tree1
pg_2016	tree4153,tree4154,tree4155
pg_2816	tree6556,tree6557
pg_1842	tree3724
ot_125	tree1
pg_2659	tree6193,tree6194,tree6195
pg_2675	tree6221
ot_207	tree1
pg_2750	tree6354,tree6355
pg_1978	tree4045
pg_2881	tree6680
pg_1829	tree3694,tree3695,tree3696,tree3697
pg_1336	tree2660
pg_1941	tree3945
pg_259	tree142
pg_2579	tree5983,tree5984
pg_1088	tree2116
pg_1991	tree4079,tree4080,tree4081
pg_2708	tree6289
pg_1340	tree2669
pg_2908	tree6734
pg_1597	tree3216
pg_1979	tree4046,tree4047
pg_2578	tree5981,tree5982
pg_2171	tree4576,tree4577,tree4578,tree4579,tree4580,tree4581,tree4582,tree4583
pg_2135	tree4464,tree4465,tree4466,tree4467
ot_206	tree1
pg_1000	tree1942
pg_2154	tree4547
pg_1930	tree3916,tree3917,tree3918,tree3919,tree3920,tree3921
pg_2846	tree6608
ot_204	tree1
pg_2573	tree5959
ot_203	tree1
pg_1299	tree2610
pg_2769	tree6409,tree6410,tree6411,tree6412,tree6413,tree6414,tree6415
pg_142	tree38
pg_1766	tree3561
pg_1372	tree2740
ot_205	tree1
pg_1587	tree3211
pg_2155	tree4548
pg_2757	tree6369
pg_1871	tree3770,tree3771,tree3772,tree3773,tree3774,tree3775,tree3776,tree3777,tree3778,tree3779
pg_1925	tree3911
pg_1007	tree1949
pg_2772	tree6420,tree6421,tree6422,tree6423,tree6424,tree6425,tree6426,tree6427
pg_1586	tree3207,tree3208
pg_2105	tree4360
pg_1952	tree3975,tree3976
pg_2636	tree6156
pg_1885	tree3823,tree3824,tree3825,tree3826,tree3827,tree3828,tree3829,tree3830
pg_2880	tree6676
pg_2870	tree6662
pg_2020	tree4159
pg_2157	tree4550
ot_202	tree1
ot_201	tree1
pg_2596	tree6017
pg_2771	tree6418,tree6419
pg_2768	tree6405
pg_2525	tree5441
pg_2928	tree6761
pg_2824	tree6571
pg_1850	tree3732,tree3733,tree3734,tree3735
pg_1924	tree3910
ot_200	tree1
pg_1798	tree3636
pg_2018	tree4157
pg_1371	tree2734,tree2735,tree2736,tree2737,tree2738,tree2739
pg_913	tree1788
pg_897	tree1725
pg_1276	tree2569,tree2570,tree5750
pg_1562	tree3124
pg_2172	tree4584,tree4585,tree4586,tree4587,tree4588,tree4589
pg_1955	tree3979,tree3980,tree3981,tree3982,tree3983,tree3984,tree3985,tree3986,tree3987,tree3988,tree3989
pg_317	tree270
ot_193	tree1
pg_2019	tree4158
pg_2577	tree5980
pg_2322	tree4894
pg_1992	tree4082
pg_305	tree5968,tree5969,tree5970,tree5971,tree5972,tree5973
pg_1244	tree2509
pg_1964	tree4014,tree4015,tree4016,tree4017
pg_1959	tree4005
pg_2770	tree6417
pg_2828	tree6578
pg_2815	tree6552,tree6553,tree6554,tree6555
pg_2882	tree6682,tree6683,tree6684
pg_1841	tree3723
pg_1768	tree3566
pg_1940	tree3942,tree3944
pg_2661	tree6198
pg_1601	tree3232
pg_1954	tree3978
pg_111	tree6286
pg_1884	tree3822
pg_1245	tree2510
pg_1370	tree2732,tree2733
ot_208	tree1
pg_2134	tree4462,tree4463
pg_2826	tree6573,tree6574,tree6575
pg_2335	tree4922,tree4923,tree6536
pg_2797	tree6493,tree6495
pg_1848	tree3730
pg_1877	tree3791,tree3792,tree3793
ot_96	tree1
pg_1748	tree3519,tree3521,tree3522
pg_932	tree1831
pg_1367	tree2720,tree2721,tree2722,tree2723,tree2724,tree2725
pg_1762	tree3549,tree3551
pg_2133	tree4455,tree4456,tree4457,tree4458,tree4459,tree4460,tree4461
pg_1826	tree3685,tree3686
pg_2684	tree6644
pg_1784	tree3599,tree3600
pg_1915	tree3900,tree3901
pg_2847	tree6609,tree6611
pg_2089	tree4326,tree4327
pg_1833	tree3706
pg_2813	tree6550
ot_121	tree1,tree2,tree7
pg_2686	tree6238
pg_1944	tree3959
pg_2136	tree4468,tree4469,tree4470,tree4471,tree4472,tree4473,tree4474,tree4475,tree4476,tree4477
pg_2350	tree4948,tree4949
pg_334	tree348
ot_100	tree2
pg_2922	tree6752,tree6753
pg_2814	tree6551
pg_753	tree1383
pg_1968	tree4021
pg_2798	tree6496,tree6497
pg_2681	tree6258
ot_83	tree3
pg_1561	tree3123
pg_2014	tree4149,tree4150,tree4151
pg_2879	tree6674
pg_2619	tree6131,tree6132
pg_1831	tree3701
pg_1808	tree3660,tree3661,tree3662
pg_1786	tree3604
pg_2843	tree6604
pg_2829	tree6579
ot_143	tree1
pg_2739	tree6601
pg_2152	tree4545
pg_2799	tree6500
pg_1118	tree2224
pg_1809	tree3663
pg_1795	tree3632
pg_2448	tree5223
pg_2921	tree6749
pg_11	tree9
pg_1600	tree3231
pg_2167	tree4569,tree4570,tree4571,tree4572
pg_425	tree5976,tree5977,tree5978,tree5979
pg_2853	tree6624
pg_1883	tree3818,tree3819,tree3820,tree3821
pg_2683	tree6228
ot_163	tree1
pg_309	tree254,tree255,tree256,tree257
ot_84	tree3
pg_1811	tree3666
pg_2692	tree6245
ot_87	Tr64119
pg_1934	tree3927
pg_2153	tree4546
pg_2682	tree6227
pg_2793	tree6705
pg_2593	tree6012,tree6013,tree6247
pg_243	tree119,tree121
pg_2354	tree4954
pg_2449	tree5224,tree5225,tree5226
pg_10	tree3
pg_2021	tree4160
pg_1906	tree3884,tree3885,tree3886,tree3887
pg_1684	tree3393
pg_1937	tree3936
pg_1880	tree3801,tree3802,tree3803,tree3804
ot_186	tree2
pg_1805	tree3654
pg_1960	tree4006,tree4007
pg_2585	tree5993,tree5994
pg_1931	tree3922
ot_187	tree1
pg_1769	tree3567,tree3568,tree5618
ot_133	tree1
pg_2132	tree4449,tree4450,tree4451,tree4452,tree4453,tree4454
pg_1886	tree3831
pg_1772	tree3575
ot_117	tree1
pg_2326	tree4904,tree4905
pg_2758	tree6370
pg_2249	tree4764
pg_429	tree543,tree544,tree545
pg_1984	tree4059,tree4060,tree4061
pg_2688	tree6240
pg_2850	tree6620
ot_132	tree1
pg_1810	tree3664,tree3665
pg_2592	tree6011
pg_2044	tree4208,tree4209,tree4210,tree4211,tree4212
ot_184	tree1
ot_131	tree1
pg_2166	tree4566,tree4567,tree4568
pg_934	tree1832
pg_1793	tree3628,tree3629,tree3630
pg_1844	tree3744,tree3749,tree3750
pg_1001	tree1943
ot_130	tree1
pg_2722	tree6304,tree6306
pg_2129	tree4444
pg_2851	tree6621
pg_2353	tree4952,tree4953
pg_2595	tree6015,tree6016
pg_2242	tree4747,tree4748
pg_2677	tree6223
pg_2131	tree4446,tree4447,tree4448
pg_371	tree427
pg_2630	tree6147
pg_1119	tree2227,tree2228,tree2229
pg_42	tree18
pg_431	tree555,tree568
pg_1847	tree3728
pg_1646	tree6231,tree6232,tree6233
pg_2811	tree6533
pg_1997	tree4090,tree6183
pg_2763	tree6392,tree6393,tree6394,tree6395
pg_2092	tree4333,tree4334
pg_1962	tree6580
pg_1792	tree3627
pg_2657	tree6191
pg_1854	tree3743
pg_1825	tree3682,tree3683,tree3684
ot_105	tree1
pg_428	tree547
pg_1563	tree3125,tree3126,tree3127,tree3128,tree3129
pg_1927	tree6215
pg_2676	tree6222
pg_1813	tree3668
pg_2689	tree6241
pg_2351	tree4950
pg_706	tree1272
pg_2665	tree6203
pg_2878	tree6673
pg_998	tree2313
pg_2759	tree6371,tree6372,tree6373,tree6374
pg_1814	tree3669
pg_2641	tree6160
pg_2164	tree4563
pg_1916	tree3902
pg_2656	tree6184,tree6185,tree6186,tree6187,tree6188,tree6189,tree6190
pg_2090	tree4328,tree4329,tree4330,tree4331
pg_2600	tree6022
pg_1467	tree2960
pg_1796	tree3633
pg_1988	tree4074
pg_2374	tree4989,tree4990,tree4991,tree6380
pg_2415	tree5096
pg_2130	tree4445
pg_1947	tree3965,tree3966,tree3967
pg_1881	tree3805
pg_433	tree549,tree551
pg_2327	tree4906
pg_2753	tree6357,tree6358,tree6359,tree6360,tree6361
pg_2137	tree4478
